{"ANIME0":{"X":0.0,"Y":0.0},"ANIME1":{"X":0.1287313432835821,"Y":0.21311475409836064},"ANIME2":{"X":0.2630597014925373,"Y":0.38524590163934425},"ANIME3":{"X":0.43097014925373134,"Y":0.5327868852459017},"ANIME4":{"X":0.5690298507462687,"Y":0.48770491803278687},"ANIME5":{"X":0.7257462686567164,"Y":0.38114754098360654},"ANIME6":{"X":0.7779850746268657,"Y":0.3073770491803279},"ANIME7":{"X":0.8339552238805971,"Y":0.23770491803278687},"Index":8}
