{"ANIME0":{"X":0.0,"Y":0.0},"ANIME1":{"X":0.0,"Y":0.0},"ANIME2":{"X":0.13992537558078766,"Y":0.26229506731033325},"ANIME3":{"X":0.3805970251560211,"Y":0.5040983557701111},"ANIME4":{"X":0.5317164063453674,"Y":0.4508196711540222},"ANIME5":{"X":0.6473880410194397,"Y":0.3237704932689667},"ANIME6":{"X":0.7854477763175964,"Y":0.20081967115402222},"ANIME7":{"X":0.8375725398237016,"Y":0.5697376527281388},"ANIME8":{"X":0.892203121569217,"Y":0.8042991654760809},"ANIME9":{"X":0.9865650354932891,"Y":0.5260983015192193},"Index":10}
