{"ANIME0":{"X":0.0,"Y":0.0},"ANIME1":{"X":0.3430372545990062,"Y":0.5698080988217984},"ANIME10":{"X":4.592103045456771,"Y":0.7308480028179922},"ANIME11":{"X":4.950735305372579,"Y":0.900334688206025},"ANIME12":{"X":5.118844177208113,"Y":0.7308480028179922},"ANIME13":{"X":5.286953049043649,"Y":0.5613613174299594},"ANIME14":{"X":5.464187178294907,"Y":0.3644282139443924},"ANIME15":{"X":5.749984693786249,"Y":0.018945465356288382},"ANIME16":{"X":6.284301787965715,"Y":0.1700941678635839},"ANIME17":{"X":6.470691471981807,"Y":0.5587622600252009},"ANIME18":{"X":6.855896818948399,"Y":0.8178743214662789},"ANIME19":{"X":7.067138460833305,"Y":0.5587622600252009},"ANIME2":{"X":0.6882644495364232,"Y":0.7537405690077779},"ANIME20":{"X":7.340509997390241,"Y":0.1916868396503404},"ANIME3":{"X":0.9324495386384987,"Y":0.8386324783243839},"ANIME4":{"X":1.4545004187877635,"Y":0.5273621441634955},"ANIME5":{"X":1.8334083156702943,"Y":0.6405513565856367},"ANIME6":{"X":2.3975600732509514,"Y":0.8952270845354544},"ANIME7":{"X":2.970132006317887,"Y":0.7820378721133132},"ANIME8":{"X":3.549828040076454,"Y":0.5425294634979558},"ANIME9":{"X":4.166227236806749,"Y":0.5425294634979558},"Index":21}
