{"ALPHABLEND_TYPE":1,"ANGLE":20.5,"ATTENUATION":0.9800000190734863,"BACKROT":false,"COL":{"A":1.0,"B":0.18860535323619843,"G":1.0,"R":0.1886318027973175},"COLRANDAMMAX":{"A":1.0,"B":1.0,"G":1.0,"R":1.0},"COLRANDAMMIN":{"A":1.0,"B":0.0,"G":0.0,"R":0.0},"COLTRANSITION":{"A":0.0,"B":-0.009999999776482582,"G":0.0,"R":0.0},"DIVISION":{"X":1,"Y":1},"EFFECTTYPE":0,"HEIGHT":0.0,"LIFE":60,"MOVE":{"X":-8.725000381469727,"Y":-1.3420000076293945,"Z":0.0},"MOVETRANSITION":{"X":0.0,"Y":0.0,"Z":0.0},"MULTITEX":"0","NUMPARTICLE":1,"POS":{"X":602.6279907226563,"Y":370.510986328125,"Z":0.0},"RADIUS":4.5,"ROT":{"X":602.6279907226563,"Y":-370.510986328125,"Z":2.1220455169677734},"SCALE":51.643001556396484,"SPEED":10,"TIME":0,"TYPE":0,"WEIGHT":0.0,"WEIGHTTRANSITION":0.0,"WIDTH":0.0}
