{"Sin0":{"X":0.0,"Y":1.0},"Sin1":{"X":0.1111111119389534,"Y":0.9876543283462524},"Sin2":{"X":0.2222222238779068,"Y":0.9506173133850098},"Sin3":{"X":0.3333333432674408,"Y":0.8888888955116272},"Sin4":{"X":0.4444444477558136,"Y":0.8024691343307495},"Sin5":{"X":0.5555555820465088,"Y":0.6913579702377319},"Sin6":{"X":0.6666666865348816,"Y":0.555555522441864},"Sin7":{"X":0.7777777910232544,"Y":0.395061731338501},"Sin8":{"X":0.8888888955116272,"Y":0.20987653732299805},"Sin9":{"X":1.0,"Y":0.0}}
